Canonical Name,Synonym,Outcome Domain,Subdomain,Measure,Article
3-chamber test,3-chamber test; three-chamber social approach test; three-chambered sociability assay,Behavioral,Sociability,Crosses into empty; Crosses into occupied; Latency to enter occupied; Mean time per visit in occupied; Time in empty; Time in occupied,harrisonUnifiedBehavioralScoring2020
5-choice serial reaction time task,5-choice serial reaction time task (5-csrtt); 5-choice serial reaction time task (csrtt); 5-CSRTT; five-choice serial reaction time paradigm,Behavioral,Attention; Attention & executive function,"Accuracy, omissions, reaction time, premature responses; Response accuracy, omissions, premature responses and reaction times to brief stimuli in one of five locations",shepherdTranslationalAssaysAssessment2016; websterUsingMiceModel2014
[^11c]flumazenil pet,[^11c]flumazenil pet; [^11C]flumazenil PET;11C-flumazenil PET;[^11C]FMZ PET;flumazenil-11C PET;[^11C]flumazenil imaging;11C-FMZ imaging,Molecular & Cellular,,GABAA receptor binding potential,waerzeggersMouseModelsNeurological2010
[^11c]methionine (met) pet,[^11c]methionine (met) pet; [^11C]MET PET;C-11 methionine PET;MET-11C PET;[^11C]methionine imaging;MET imaging,Physiological & Metabolic,,Amino‐acid transport/protein synthesis (tumor vs. normal tissue uptake),waerzeggersMouseModelsNeurological2010
[^11c]mp4a pet,[^11c]mp4a pet; [^11C]MP4A PET;11C-MP4A PET;MP4A-11C PET;[^11C]MP4A imaging;MP4A imaging,Molecular & Cellular,,Acetylcholinesterase activity (tracer trapping rate),waerzeggersMouseModelsNeurological2010
[^11c]pib pet (micropet),[^11c]pib pet (micropet); [^11C]PIB PET;Pittsburgh Compound-B PET;microPET [^11C]PIB;[^11C]PIB imaging;PIB microPET imaging,Imaging & Morphology,,In vivo fibrillar Aβ plaque binding (standardized uptake values),waerzeggersMouseModelsNeurological2010
[^18f]fdg pet,[^18f]fdg pet; [^18F]FDG PET;18F-FDG PET;FDG-18F PET;fluorodeoxyglucose PET;[^18F]FDG imaging;18F-FDG imaging,Physiological & Metabolic,,Glucose uptake rates (SUV) for regional metabolism,waerzeggersMouseModelsNeurological2010
[^18f]fdg pet (micropet),[^18f]fdg pet (micropet); [^18F]FDG microPET;F-18 FDG small-animal PET;microPET FDG-18F;[^18F]FDG microPET imaging;FDG microPET imaging,Physiological & Metabolic,,Regional cerebral glucose metabolism (SUV or uptake ratios),waerzeggersMouseModelsNeurological2010
[^18f]fet pet,[^18f]fet pet; [^18F]FET PET;18F-FET PET;fluoroethyltyrosine PET;[^18F]FET imaging;FET imaging,Physiological & Metabolic,,Tyrosine transport/amino‐acid uptake in proliferating cells,waerzeggersMouseModelsNeurological2010
[^18f]flt pet,[^18f]flt pet; [^18F]FLT PET;F-18 FLT PET;fluorothymidine PET;[^18F]FLT imaging;FLT imaging,Physiological & Metabolic,,Thymidine kinase activity for DNA synthesis (cell proliferation),waerzeggersMouseModelsNeurological2010
[^18f]miso pet,[^18f]miso pet; [^18F]MISO PET;18F-MISO PET;fluoromisonidazole PET;[^18F]MISO imaging;MISO imaging,Physiological & Metabolic,,Nitroimidazole trapping in hypoxic cells,waerzeggersMouseModelsNeurological2010
^19f mri (fsb),^19f mri (fsb); ^19F MRI;F-19 MRI;fluorine-19 magnetic resonance imaging;^19F MRI imaging;fluorine-19 imaging,Imaging & Morphology,,^19F signal localization of fluorinated amyloidophilic compound,waerzeggersMouseModelsNeurological2010
acetone evaporation test,acetone evaporation test; acetone drop test; evaporative cooling assay,Behavioral,Cold hypersensitivity,Duration or frequency of paw withdrawal/flick to evaporative cooling,sadlerInnovationsAdvancesModelling2022
acoustic startle response (± ppi),acoustic startle response (± ppi),Behavioral,Auditory sensorimotor reflexes & gating,Startle amplitude to loud acoustic pulse; % inhibition of startle when preceded by a subthreshold prepulse,goldFunctionalAssessmentLongTerm2013
active avoidance,active avoidance; two-way active avoidance; shuttle-box avoidance task,Behavioral,Associative (reference & working); Avoidance learning (emotional),# successful avoidances / avoidance latency; Number of cue‐evoked crossings to safe chamber; latency,goldFunctionalAssessmentLongTerm2013; websterUsingMiceModel2014
adhesive removal test,adhesive removal; adhesive removal test; bilateral tactile adhesive removal; sticky-tape removal test; tape removal assay,Behavioral,; Sensorimotor forelimb integration; Sensory neglect,Latency to contact and latency to remove adhesive label on snout (max 60 s); Time taken to detect and remove adhesive patches from each forepaw; Time to contact and time to remove adhesive from each forepaw; asymmetry index between sides,goldFunctionalAssessmentLongTerm2013; meredithBehavioralModelsParkinsons2006; zarrukNeurologicalTestsFunctional2011
adjusting-step test,adjusting steps; adjusting-step (stepping) test; adjusting-step test; adjusting-steps test; stepping adjustment assay,Behavioral,,# of “adjusting” steps made by an unrestrained forelimb while moving the animal sideways; Number of forehand/backhand stepping adjustments by the weight‐bearing forepaw over five trials; Number of “adjusting” steps made by the contralateral forelimb during a defined lateral movement,emborgEvaluationAnimalModels2004; meredithBehavioralModelsParkinsons2006
affective bias test,affective bias test; emotional bias test; affective valence assay,Behavioral,Depression‐like behavior,Choice preference for treatment‐paired vs. control‐paired cues,gencturkRodentTestsDepression2024
amphetamine-induced rotation,amphetamine-induced rotation; amphetamine rotation assay; amphetamine-induced circling,Behavioral,,Net full turns (ipsilateral vs. contralateral) per minute over 90 min after 2.5 mg/kg i.p. amphetamine,emborgEvaluationAnimalModels2004
analgesic self-administration,analgesic self-administration; pain self-administration assay; analgesia self-administration paradigm,Behavioral,Reinforcement/spontaneous pain relief,Number of lever presses or infusions for analgesic drug,gregoryOverviewAnimalModels2013
apomorphine-induced rotation,apomorphine-induced rotation; apomorphine rotation assay; apomorphine-induced circling test,Behavioral,,Net turns per minute over 90 min after 0.4 mg/kg i.m. apomorphine,emborgEvaluationAnimalModels2004
attentional set-shifting,attentional set-shifting; set-shifting task; attentional flexibility test,Behavioral,Cognitive flexibility,Trials-to-criterion & errors in rule shifts,websterUsingMiceModel2014
barnes maze,barnes maze; Barnes circular maze; Barnes spatial navigation test,Behavioral,Spatial learning & memory; Spatial memory; Spatial memory (reference & working),Escape latency to escape box; time in target hole on probe; Latency to locate escape box; Latency to locate the escape box; errors; working-memory trials,goldFunctionalAssessmentLongTerm2013; wahlCognitiveBehavioralEvaluation2017; websterUsingMiceModel2014
bbb locomotor scale,bbb locomotor scale,Behavioral,Gross locomotor recovery,"21-point open-field score of hindlimb joint movement, paw placement, stepping, trunk stability",jonesOutcomeMeasuresRodent2025
beam walking test,balance beam; beam traversal; beam walking; beam walking test; beam traversal assay; narrow-beam test,Behavioral,; Fine motor coordination; Gross motor & vestibular function; Motor coordination,Latency (up to 60 s) to fall from or traverse an elevated narrow beam; Latency to fall or traverse a narrow elevated beam; Time to traverse + number of stepping errors on a constant-width or tapering inclined beam; Time to traverse an elevated narrow beam under negative reinforcement (light/noise) and number of foot slips; 1–7 score; Traversal time and foot-slips across a narrow beam to a goal box; Time to traverse beam and number of foot slips/errors,goldFunctionalAssessmentLongTerm2013; xiongAnimalModelsTraumatic2013; meredithBehavioralModelsParkinsons2006; zarrukNeurologicalTestsFunctional2011
bederson neurological scale,bederson neurological scale; Bederson score; neurological deficit scale,Behavioral,Global neurological impairment,"Deficit score (0–4) based on forelimb flexion, circling, spontaneous movement",zarrukNeurologicalTestsFunctional2011
bin-cotton use,bin-cotton use; cotton pellet use assay; bin-cotton utilization test,Behavioral,,Time (and/or amount) to shred pre-weighed cotton over 72 h,meredithBehavioralModelsParkinsons2006
blood-pool uspio mri,blood-pool uspio mri,Imaging & Morphology,,Signal changes from ultrasmall iron particles highlighting low‐vascular‐volume/infiltrative regions,waerzeggersMouseModelsNeurological2010
bold fmri,bold fmri (gre-epi); bold fmri (se-epi),Imaging & Morphology,,"Gradient-echo EPI T₂*-weighted BOLD time-series (1–3 s temporal, ~1–3 mm spatial resolution); ΔBOLD signal (T2*-weighted hemodynamic response); Spin-echo EPI T₂-weighted BOLD time-series (enhanced microvascular specificity, reduced large-vessel bias)",markicevicEmergingImagingMethods2021a
brainsmapi,brainsmapi,Imaging & Morphology,,High-throughput registration and annotation of volumetric brain datasets,markicevicEmergingImagingMethods2021a
brush (dynamic mechanical) stimulus,brush (dynamic mechanical) stimulus; dynamic brush stimulus test; brush-evoked mechanical stimulus,Behavioral,Dynamic mechanical sensitivity,Presence/absence and kinematics of withdrawal to a light dynamic stroke,sadlerInnovationsAdvancesModelling2022
burrowing,burrowing; burrowing assay; substrate-burrowing behavior,Behavioral,Ongoing/spontaneous pain,Amount of substrate displaced over fixed time,sadlerInnovationsAdvancesModelling2022
cage-lid hanging,cage-lid hanging; lid-hanging test; cage-lid grip assay,Behavioral,Ongoing/spontaneous pain,Time spent hanging or climbing cage lid,sadlerInnovationsAdvancesModelling2022
calcium fluorescence imaging,calcium fluorescence imaging; Ca²⁺ imaging; calcium-indicator fluorescence microscopy,Molecular & Cellular,,Δ[Ca²⁺] (Δfluorescence intensity) in neurons via organic or genetically-encoded indicators,markicevicEmergingImagingMethods2021a
calibrated forceps test,calibrated forceps test; pincher test; forceps pinch assay,Behavioral,Deep-tissue mechanical hypersensitivity,Force threshold for limb withdrawal over muscle,gregoryOverviewAnimalModels2013
capsaicin test,capsaicin test; capsaicin-induced nociception; capsaicin pain assay,Behavioral,Chemical/inflammatory pain,Duration of paw licking or shaking after capsaicin injection,gregoryOverviewAnimalModels2013; sadlerInnovationsAdvancesModelling2022
catecholamine biochemistry (hplc-ec),catecholamine biochemistry (hplc-ec),Molecular & Cellular,,"Tissue levels of dopamine, DOPAC, HVA (and other monoamines) expressed as pmol/mg protein",emborgEvaluationAnimalModels2004
catwalk gait analysis,catwalk gait analysis; CatWalk automated gait analysis; gait analysis (CatWalk),Behavioral,Gait kinematics & coordination; Ongoing/spontaneous pain,"Quantification of paw placement and pressure during free locomotion; Spatiotemporal paw parameters (stride length, swing speed, print area) from an illuminated walkway",gregoryOverviewAnimalModels2013; jonesOutcomeMeasuresRodent2025
cereal-eating (ibb) forelimb scale,cereal-eating (ibb) forelimb scale,Behavioral,Forelimb coordination/dexterity,Videotaped score of forelimb postures/movements while eating cereal pieces,jonesOutcomeMeasuresRodent2025
circadian prolactin/melatonin assay,circadian prolactin/melatonin assay; circadian hormone profiling; prolactin-melatonin rhythm assay,Physiological & Metabolic,,Plasma prolactin and melatonin concentrations over 24 h,emborgEvaluationAnimalModels2004
classic rotation test,classic rotation test; rotation behavior assay; classic rotation assay,Behavioral,,Net ipsilateral or contralateral turns over a fixed period (e.g. 90 min) following amphetamine or apomorphine administration,meredithBehavioralModelsParkinsons2006
clearmap,clearmap,Imaging & Morphology,,Automated detection and spatial mapping of labeled cells in cleared-tissue image stacks,markicevicEmergingImagingMethods2021a
cold plantar assay,cold plantar assay; cold plantar test; cold-sensitivity plantar assay,Behavioral,Cold hypersensitivity,Paw‐withdrawal latency to a cold stimulus under the paw,sadlerInnovationsAdvancesModelling2022
cold plate test,cold plate test; cold plate assay; cold nociception test,Behavioral,Cold hypersensitivity,"Number or duration of nocifensive behaviors (lifting, licking) on a cold surface",sadlerInnovationsAdvancesModelling2022
combined lever + touchscreen task,combined lever + touchscreen task,Behavioral,,Percent correct responses and response latencies on integrated lever and touchscreen actions,emborgEvaluationAnimalModels2004
composite neuroscore,composite neuroscore; composite neurological score; neurodeficit composite score,Behavioral,Global neurological impairment,"Sum of tail-suspension flexion, lateral pulsion, circling, angle-board balance & grip-beam tests (max 20–28); Sum score (0–20 originally, later 0–28) across tasks: forelimb flexion, resistance to lateral pulsion, circling behavior, inclined board performance, grip-on-beam (and in the 7-task version, two additional reflex/motor tasks)",goldFunctionalAssessmentLongTerm2013; xiongAnimalModelsTraumatic2013
compression severity classification,compression severity classification; compression injury grading; spinal cord injury compression scale,Imaging & Morphology,Injury severity,Magnitude of compressive force applied to spinal cord,jonesOutcomeMeasuresRodent2025
conditioned place aversion,conditioned place aversion; conditioned place avoidance (cpa); CPA test; conditioned avoidance assay,Behavioral,Affective component of pain; Avoidance of evoked stimuli,Decrease in time spent in chamber previously paired with a noxious injection; Decrease in time spent in pain‐paired environment,gregoryOverviewAnimalModels2013; sadlerInnovationsAdvancesModelling2022
conditioned place preference,conditioned place preference; CPP test; place-conditioning assay,Behavioral,Affective relief/negative affect,Increase in time spent in analgesia-paired environment; Increase in time spent in analgesia‐paired environment,gregoryOverviewAnimalModels2013; sadlerInnovationsAdvancesModelling2022
confocal fluorescence imaging,confocal fluorescence imaging; confocal microscopy; laser-scanning confocal imaging,Molecular & Cellular,,ΔGCaMP fluorescence from individual boutons/cells within ~100–200 µm of the surface (FOV up to 1 mm²),markicevicEmergingImagingMethods2021a
contextual fear conditioning,contextual fear conditioning; contextual FC; context-fear conditioning,Behavioral,Associative (reference) memory,% freezing in trained context,websterUsingMiceModel2014
continuous performance test (rodent cpt),continuous performance test (rodent cpt),Behavioral,Attention,"Hit rate, false alarms, misses and correct rejections when discriminating signal vs. non‐signal stimuli",shepherdTranslationalAssaysAssessment2016
contrast-enhanced t1-weighted mri,contrast-enhanced t1-weighted mri,Imaging & Morphology,,Gadolinium leakage indicating BBB disruption and angiogenic regions,waerzeggersMouseModelsNeurological2010
contusion severity classification,contusion severity classification; contusion grading; contusion-severity scale,Imaging & Morphology,Injury severity,Weight-drop height or impact force used to produce injury,jonesOutcomeMeasuresRodent2025
corner test,corner test; corner-turning assay; corner-placing test,Behavioral,Whisker‐sensitivity & sensorimotor asymmetry,Percentage of left vs. right turns over 10 trials,zarrukNeurologicalTestsFunctional2011
cubic-cloud,cubic-cloud; CubicCloud imaging pipeline; 3D cloud reconstruction method,Imaging & Morphology,,GUI-driven 3D reconstruction and quantification of cleared-tissue fluorescence imaging volumes,markicevicEmergingImagingMethods2021a
cued fear conditioning,cued fear conditioning; cued FC; tone-fear conditioning,Behavioral,Associative (reference) memory,% freezing to discrete cue,websterUsingMiceModel2014
cylinder test,cylinder (forelimb asymmetry) test; cylinder spontaneous placement; cylinder test; limb use asymmetry (cylinder); cylinder rearing test; forelimb asymmetry cylinder assay,Behavioral,; Gross forelimb use asymmetry; Gross forelimb use asymmetry; Motor‐coordination asymmetry,"% contacts made with left vs. right forepaw during vertical rearing; % contacts or weight‐shift of impaired vs. unimpaired forelimb during rearing/landing in a cylinder; % use of left vs. right forelimb contacts during rearing and lateral exploration; Counts of contralateral, ipsilateral or both-paw contacts during vertical exploration; Counts of contralateral, ipsilateral, and bilateral forepaw wall contacts during rearing; Number of left vs. right forelimb wall‐placements during rearing in a clear cylinder",emborgEvaluationAnimalModels2004; goldFunctionalAssessmentLongTerm2013; xiongAnimalModelsTraumatic2013; zarrukNeurologicalTestsFunctional2011; jonesOutcomeMeasuresRodent2025; meredithBehavioralModelsParkinsons2006
delayed matching-to-place water maze,delay-nonmatching-to-place (dnmtp) water maze; delayed matching-to-place (dmp) water maze; delayed matching/non-matching to position (dmtp/dmts); DMP water maze; delayed non-matching to place water maze,Behavioral,Working memory,% correct choice after delay; % correct choices after a defined delay; Escape latency across daily relocations of the hidden platform (working memory across delay),shepherdTranslationalAssaysAssessment2016; websterUsingMiceModel2014
detour test,detour test; detour assay; obstacle avoidance test,Behavioral,,Success rate and latency of overcoming a clear barrier to obtain a visible reward,emborgEvaluationAnimalModels2004
diffusion fmri (dfmri),diffusion fmri (dfmri),Imaging & Morphology,,Task-evoked diffusion-weighted (IDE spin-echo EPI) signal changes reflecting cell swelling; Task-evoked ΔADC via isotropic diffusion encoding (cell swelling–linked diffusion shifts),markicevicEmergingImagingMethods2021a
diffusion mri,diffusion mri (adc mapping); diffusion mri (dmri),Imaging & Morphology,,"Apparent diffusion coefficient in parenchyma; White matter microstructure (e.g., fractional anisotropy, diffusivity)",emborgEvaluationAnimalModels2004; waerzeggersMouseModelsNeurological2010
diffusion tensor imaging,diffusion tensor imaging (dti); diffusion-weighted imaging (dwi); DTI; tensor diffusion imaging,Imaging & Morphology,,Apparent diffusion coefficient (ADC) for cellularity and tissue integrity; Fractional anisotropy of white-matter tracts,waerzeggersMouseModelsNeurological2010
digging-based set-shifting task,digging-based set-shifting task; digging set-shifting assay; digging-based cognitive flexibility test,Behavioral,Executive function,Trials to criterion when the rewarded dimension is shifted (e.g. odor → digging medium),shepherdTranslationalAssaysAssessment2016
direct social interaction,direct social interaction; social interaction test; direct dyadic social interaction assay,Behavioral,Sociability,Exploration time; Time attacking host; Time being attacked by host; Time being followed by host; Time following host; Time immobile; Time self-grooming; Time sniffing host,harrisonUnifiedBehavioralScoring2020
dolorimeter/pressure algometer,dolorimeter/pressure algometer; pressure algometer test; pain-threshold algometry,Behavioral,Deep-tissue mechanical hypersensitivity,Latency to withdraw or vocalize in response to increasing pressure on muscle/joint,gregoryOverviewAnimalModels2013
doppler ultrasound (tcd/fus variant),doppler ultrasound (tcd/fus variant); transcranial Doppler ultrasound; TCD/FUS cerebral blood flow imaging,Physiological & Metabolic,,ΔBlood flow velocity via Doppler shift of backscattered ultrasound echoes,markicevicEmergingImagingMethods2021a
double-simultaneous-stimulation extinction,double-simultaneous-stimulation extinction; DSSE task; dual-simultaneous stimulation extinction,Behavioral,,Reduction in detection or response to a contralateral stimulus when both sides are stimulated together,emborgEvaluationAnimalModels2004
dynamic contrast-enhanced (dce) mri,dynamic contrast-enhanced (dce) mri,Imaging & Morphology,,"Time‐resolved contrast kinetics yielding vascular permeability, blood flow, and volume",waerzeggersMouseModelsNeurological2010
electroencephalography (eeg),electroencephalography (eeg); EEG recording; electrical brain activity recording,Physiological & Metabolic,,"Scalp or intracranial electrode recordings of voltage fluctuations (e.g., power spectra, event-related potentials)",markicevicEmergingImagingMethods2021a
electronic von frey,electronic von frey; electronic von Frey assay; electronic filament nociception test,Behavioral,Mechanical hypersensitivity,Automated paw‐withdrawal force threshold,sadlerInnovationsAdvancesModelling2022
elevated body swing test,elevated body swing test; EBST; body-swing asymmetry test,Behavioral,Muscle‐strength asymmetry,% of swings to each side when lifted—lateralized body sway bias,zarrukNeurologicalTestsFunctional2011
elevated gradient of aversion,elevated gradient of aversion; EGA test; gradient-aversion assay,Behavioral,Anxiety-related exploration & impulsivity,"Time, entries, and distance in closed (safety), transition, and open (risk) zones",acikgozOverviewCurrencyUsefulness2022
elevated plus maze,elevated plus maze; EPM; plus-maze anxiety test,Behavioral,Anxiety-like behavior; Anxiety‐like behavior,Time and entries in open vs. closed arms; Time and entries in open vs. closed arms; head-dip and stretch-attend counts; Time and entries into open vs. closed arms,acikgozOverviewCurrencyUsefulness2022; gencturkRodentTestsDepression2024; goldFunctionalAssessmentLongTerm2013
elevated square maze,elevated square maze; ESM; square-maze anxiety assay,Behavioral,Anxiety-like behavior,"Time, activity, and transitions between open and closed areas",acikgozOverviewCurrencyUsefulness2022
elevated t-maze,elevated t-maze; ETM; T-maze anxiety test,Behavioral,Anxiety- and panic-related behavior,Avoidance of open arms (latency/entries) and escape behavior (latency from closed arm end),acikgozOverviewCurrencyUsefulness2022
elevated zero maze,elevated zero maze; EZM; circular elevated maze,Behavioral,Anxiety; Anxiety-like behavior,Crosses into open; Latency to enter open; Time and entries in open vs. enclosed sectors; Time in open; Time spent in open vs. enclosed quadrants,acikgozOverviewCurrencyUsefulness2022; gencturkRodentTestsDepression2024; harrisonUnifiedBehavioralScoring2020
emg-recorded resting tremor,emg-recorded resting tremor; EMG tremor recording; electromyography tremor analysis,Physiological & Metabolic,,Frequency and amplitude of resting tremor bursts via electromyography,emborgEvaluationAnimalModels2004
facial expression analysis,facial expression analysis; facial grimace scale; facial affect analysis,Behavioral,Behavioral monitoring and morphological analysis,"Composite “grimace” score based on orbital tightening, nose bulge, cheek bulge, ear and whisker position (e.g. Mouse Grimace Scale)",gencturkRodentTestsDepression2024
fast optical scattering imaging,fast optical scattering imaging; FOSI; optical-scattering microscopy,Physiological & Metabolic,,Millisecond-scale changes in diffuse light scattering amplitude (membrane refractive index shifts),markicevicEmergingImagingMethods2021a
fear conditioning test,fear conditioning; fear conditioning (general fc); fear conditioning - contextual; fear conditioning - contextual (fc-c); fear conditioning - cued; fear conditioning - cued (fc-u); fear conditioning test; FC test; conditioned fear assay,Behavioral,Associative memory; Contextual associative memory; Cued associative memory; Fear-related behavior; Recognition memory,% freezing after tone or context re-exposure (24 h later); % freezing in the training context or to the conditioned cue; % freezing upon presentation of conditioned cue in a neutral context; % freezing when returned to shock-paired context; % time freezing in response to the tone/light cue in a novel context; % time freezing when returned to the shock-paired context; Freezing duration (context/cue-induced) and locomotor suppression,acikgozOverviewCurrencyUsefulness2022; goldFunctionalAssessmentLongTerm2013; shepherdTranslationalAssaysAssessment2016; wahlCognitiveBehavioralEvaluation2017
fecal corticosterone metabolites (fcms),fecal corticosterone metabolites (fcms); fecal CORT assay; corticosterone-metabolite analysis,Behavioral,Anxiety/Stress,Change in FCM levels under stressed conditions,harrisonUnifiedBehavioralScoring2020
female urine sniffing test,female urine sniffing test; FUST; female urine investigation test,Behavioral,Depression‐like behavior,Duration of sniffing female versus water stimuli,gencturkRodentTestsDepression2024
fiber-photometry calcium recording,fiber-photometry calcium recording; fiber photometry; calcium fiber-photometry,Molecular & Cellular,,Bulk ΔGCaMP fluorescence from a local brain region via optical fiber,markicevicEmergingImagingMethods2021a
fibre-optic confocal imaging,fibre-optic confocal imaging; fiber-optic confocal microscopy; optical-fiber confocal imaging,Molecular & Cellular,,"ΔGCaMP fluorescence through an implanted fibrescope, single-cell resolution over ~230 µm FOV",markicevicEmergingImagingMethods2021a
food cover task,food cover task; food-cover test; covered-food retrieval assay,Behavioral,,Latency or success rate to locate hidden food via olfaction,xiongAnimalModelsTraumatic2013
foot fault test,foot fault; foot-fault test; foot-fault assay; grid-walk fault test,Behavioral,Motor coordination; Skilled locomotion & placement accuracy,% of misplaced (slipped) fore-/hind-paw placements when crossing a grid; Number (or percentage) of paw placement errors (slips) on a horizontal grid during a set number of steps; Number (or percentage) of paw slips through a grid during locomotion,goldFunctionalAssessmentLongTerm2013; xiongAnimalModelsTraumatic2013; zarrukNeurologicalTestsFunctional2011
forced swim test,forced swim task; forced swim test; FST; Porsolt swim test,Behavioral,Depression-like behavior; Depression‐like behavior; Depression‐like behavior,Duration of immobility in forced swim cylinder; Total duration of immobility during test session; Total immobility time in the test session,acikgozOverviewCurrencyUsefulness2022; gencturkRodentTestsDepression2024; goldFunctionalAssessmentLongTerm2013
forelimb flexion,forelimb flexion; limb flexion assay; forepaw flexion test,Behavioral,Reflexive motor impairment,"Degree of forelimb adduction when suspended by tail (scored 1–4); Degree of forelimb flexion/adduction when suspended by tail, scored 1–4",goldFunctionalAssessmentLongTerm2013; xiongAnimalModelsTraumatic2013
forelimb gross movement test,forelimb gross movement test; forelimb gross movement assay; limb motor assessment,Behavioral,Gross motor impairment,"Observation of shoulder, elbow, wrist/hand movements",jonesOutcomeMeasuresRodent2025
forelimb kinematic analysis,forelimb kinematic analysis; forelimb movement kinematics; kinematic limb analysis,Behavioral,Fine motor coordination precision,"Joint-angle trajectories, phase durations, velocities during reach/groom/lever pull",jonesOutcomeMeasuresRodent2025
forelimb placing,forelimb placing; forelimb placing test; limb-placement reflex,Behavioral,,% failed forelimb placements (vibrissae‐triggered) or reach distance (mm) per five trials,meredithBehavioralModelsParkinsons2006
formalin test,formalin test; formalin pain assay; formalin-induced nociception test,Behavioral,Chemical/inflammatory pain,Time spent licking/biting injected paw in two phases,gregoryOverviewAnimalModels2013; sadlerInnovationsAdvancesModelling2022
fos expression mapping,fos expression mapping; c-Fos immunohistochemistry; immediate-early-gene mapping,Molecular & Cellular,,Immunohistochemical quantification of Fos-positive nuclei across brain regions,markicevicEmergingImagingMethods2021a
four-plates test,four-plates test; four-plate anxiety test; four-plate test,Behavioral,Anxiety-like (punishment) behavior,Number of punished plate crossings,acikgozOverviewCurrencyUsefulness2022
functional mri,functional mri (bold fmri); functional mri (fmri),Imaging & Morphology,,Blood-oxygenation-level dependent (BOLD) signals: T₂*/T₂-weighted changes reflecting neurovascular coupling; Task‐ or stimulus‐evoked regional brain activation; Hemodynamic response to sensory/pharmacological challenge,emborgEvaluationAnimalModels2004; markicevicEmergingImagingMethods2021a; waerzeggersMouseModelsNeurological2010
functional mrs (fmrs),functional mrs (fmrs),Physiological & Metabolic,,"Dynamic in vivo metabolite concentrations (e.g. Glu, Lac, NAA) via time-resolved MRS; Dynamic metabolite concentrations (e.g. Glu, Lac, NAA) via time-resolved proton MRS",markicevicEmergingImagingMethods2021a
functional ultrasound (fus),functional ultrasound (fus); fUS imaging; functional ultrasound imaging,Physiological & Metabolic,,ΔCerebral blood volume flow (power Doppler) at arteriole resolution (~100 µm),markicevicEmergingImagingMethods2021a
gap cross test,gap cross test; gap-crossing test; gap-cross assessment,Behavioral,Vibrissae-dependent spatial sensation,Maximum gap distance crossed in darkness vs. light,goldFunctionalAssessmentLongTerm2013
geller-seifter conflict test,geller-seifter conflict test; conflict-drinking assay; Geller-Seifter test,Behavioral,Anxiety-like (conflict) behavior; Anxiety-like behavior,Number of punished (shock-paired) vs. unpunished responses; Number of punished vs. unpunished lever presses,acikgozOverviewCurrencyUsefulness2022; gencturkRodentTestsDepression2024
glass barrier task,glass barrier task; barrier test; obstacle-barrier assay,Behavioral,,Latency or success rate to navigate a transparent barrier,xiongAnimalModelsTraumatic2013
grid test,grid task (acute mptp mice); grid test; grid-walk test; grid-walk test; foot-fault grid test,Behavioral,; Sensorimotor,"During 30 s hanging–upside‐down: forepaw‐step length, % time on wall, % forepaw faults; Fault ratio = (# forepaw slips)/(# total forepaw steps); plus digit use, movement time, step length; Foot‐faults (missteps) while traversing a grid",burrowsAnimalModelsMultiple2019; emborgEvaluationAnimalModels2004; meredithBehavioralModelsParkinsons2006
grip strength test,grip strength meter test; grip strength test; grip strength assay; muscle-strength meter test,Behavioral,; Forelimb strength,Peak force (g) generated by forepaw grip before release; Peak force when forepaw is pulled from a horizontal bar,jonesOutcomeMeasuresRodent2025; xiongAnimalModelsTraumatic2013
grooming test,grooming; grooming test; grooming behavior assay; grooming-sequence analysis,Behavioral,Forelimb use in an “ADL”–like behavior; Ongoing/spontaneous pain,Latency to begin and total time/pattern of grooming after a small water drop; Total time spent grooming in home‐cage monitoring,jonesOutcomeMeasuresRodent2025; sadlerInnovationsAdvancesModelling2022
gyroscope-recorded tremor,gyroscope-recorded tremor; gyroscope tremor measurement; inertial tremor recording,Physiological & Metabolic,,Angular displacement/time of repetitive tremor motions detected by solid-state gyroscope,emborgEvaluationAnimalModels2004
hargreaves test,hargreaves (radiant-heat) test; hargreaves test; Hargreaves plantar test; radiant-heat paw-withdrawal test,Behavioral,Heat hypersensitivity,Paw-withdrawal latency to focused infrared heat; Paw‐withdrawal latency to focused infrared heat,gregoryOverviewAnimalModels2013; sadlerInnovationsAdvancesModelling2022
head-mounted three-photon miniscope,head-mounted three-photon miniscope; three-photon miniscope imaging; 3P miniscope head-mounted,Molecular & Cellular,,"ΔGCaMP fluorescence from deep cortex (~1.1 mm) in freely moving rodents, μm-scale resolution",markicevicEmergingImagingMethods2021a
head-mounted two-photon miniscope,head-mounted two-photon miniscope; two-photon miniscope imaging; 2P head-mounted miniscope,Molecular & Cellular,,"ΔGCaMP fluorescence from soma/spines in freely moving rodents, single-cell resolution",markicevicEmergingImagingMethods2021a
high-field mri volumetry,high-field mri volumetry,Imaging & Morphology,,"Structural brain volumes (total, hippocampal, ventricular)",waerzeggersMouseModelsNeurological2010
hindlimb loading (force-plate/catwalk),hindlimb loading (force-plate/catwalk); hindlimb load-bearing test; force-plate hindlimb-loading assay,Behavioral,Hindlimb weight-support (impairment),Distribution of weight borne on each hind paw during quiet stance,jonesOutcomeMeasuresRodent2025
hole-board test,hole-board test; hole-board exploration test; hole-board assay,Behavioral,Anxiety-like exploratory behavior,Number of head-dips into holes,acikgozOverviewCurrencyUsefulness2022
home cage monitoring,home cage monitoring; home-cage activity monitoring; home-cage activity measurement; automated home-cage monitoring,Behavioral,Behavioral monitoring and morphological analysis; Quality of life & function,"Continuous measurement of spontaneous behaviors (activity, rest) over extended periods; Locomotor activity (distance traveled, speed), shelter use, latency to avoid light spot, sleep/wake patterns",gencturkRodentTestsDepression2024; gregoryOverviewAnimalModels2013
horizontal ladder test,horizontal ladder test; ladder-rung walking test; horizontal ladder walking assay,Behavioral,Skilled locomotion & limb-placement accuracy,"Foot-fault rate (% missteps), accuracy of paw placements, time to traverse",jonesOutcomeMeasuresRodent2025
hot plate test,hot plate test; hot plate nociception test; thermal-nociception plate assay,Behavioral,Heat hypersensitivity,"Latency to lick or jump off a heated surface; Latency to withdraw, lick, or jump off a heated surface",gregoryOverviewAnimalModels2013; sadlerInnovationsAdvancesModelling2022
in situ hybridization,in situ hybridization; ISH; in situ gene-expression assay,Molecular & Cellular,,"Regional mRNA expression levels (e.g. TH, AADC) in defined nuclei",emborgEvaluationAnimalModels2004
inclined plane test,inclined plane; inclined plane test; inclined plane assay; angle-of-incline motor test,Behavioral,Gross motor strength & balance; Gross strength & balance,Maximum angle (°) at which the animal can maintain position without sliding; Maximum angle at which the animal maintains footing on an inclined plane (and related fall angles/latencies); Maximum tilt angle at which the animal maintains footing,goldFunctionalAssessmentLongTerm2013; xiongAnimalModelsTraumatic2013; jonesOutcomeMeasuresRodent2025
infrared beam-break activity,infrared beam-break activity; beam-break locomotor test; IR beam-break activity monitoring,Behavioral,,Number of beam interruptions over a defined period in a beam‐equipped cage,emborgEvaluationAnimalModels2004
intellicage,intellicage; IntelliCage system; automated behavioral cage,Behavioral,Working memory / Learning,"Corner visits, nose-poke counts, reward retrieval latencies (automated logging)",wahlCognitiveBehavioralEvaluation2017
intrinsic optical imaging,intrinsic optical imaging (ioi); IOS; intrinsic-signal imaging,Physiological & Metabolic,,"Wavelength-specific reflectance changes (e.g. ΔR₆₂₅/ΔR₄₈₀/ΔR₅₃₀) to derive HbO₂, HbR and HbT dynamics",markicevicEmergingImagingMethods2021a
isometric pull (lever) test,isometric pull (lever) test; isometric lever-pull test; lever-force isometric assay,Behavioral,Forelimb strength,Maximum force (g) achieved when pulling an isometric lever through a slit,jonesOutcomeMeasuresRodent2025
judgment bias test,judgment bias test; cognitive bias test; judgment-bias assay,Behavioral,Depression‐like behavior,Proportion of “positive” (reward‐seeking) responses to ambiguous cues,gencturkRodentTestsDepression2024
laser speckle contrast imaging,laser speckle contrast imaging; laser speckle contrast imaging (lsci); LSCI; laser contrast flow imaging,Physiological & Metabolic,,Speckle‐contrast fluctuations in backscattered coherent light to derive relative cerebral blood flow maps; Speckle‐contrast fluctuations in backscattered light to map relative cerebral blood flow at high spatiotemporal resolution,markicevicEmergingImagingMethods2021a
lateralized reward-retrieval task,lateralized reward-retrieval task; lateralized reward retrieval assay; side-biased reward task,Behavioral,,Success rate of food retrieval with each forelimb under head‐restraint conditions,emborgEvaluationAnimalModels2004
learned helplessness,learned helplessness; LH test; inescapable shock paradigm,Behavioral,Depression‐like behavior,Number of escape attempts (or failures) during the test session,gencturkRodentTestsDepression2024
lever-pull task,lever-pull task; lever pressing task; lever-operated response assay,Behavioral,,Number of pulls (and/or force exerted) on an isometric lever,emborgEvaluationAnimalModels2004
light-dark box test,light-dark box test; light-dark compartment test; light/dark box; light-dark transition test; dark-light box,Behavioral,Anxiety; Anxiety-like behavior,Crosses into light; Latency to enter light; Time in light; Transitions and time in light vs. dark compartments; Transitions and time spent in light vs. dark compartments,acikgozOverviewCurrencyUsefulness2022; gencturkRodentTestsDepression2024; harrisonUnifiedBehavioralScoring2020
light-sheet calcium imaging,light-sheet calcium imaging; LSCM; light-sheet microscopy Ca²⁺ imaging,Molecular & Cellular,,"ΔGCaMP fluorescence from a thin optical plane (e.g. 340×650 µm, ~135 µm depth) at high speed",markicevicEmergingImagingMethods2021a
limb placement test,limb placement test; limb-placing function; limb placing reflex; limb-placement index,Behavioral,Sensorimotor limb placement; Tactile–proprioceptive sensorimotor function,Score (0–2) for forward/sideways paw placement and repositioning after limb pull; Score (0–2) for tactile/proprioceptive paw-placing when paw edge is brushed against a table; Score on reflexive placement of each limb when touched along table edge,goldFunctionalAssessmentLongTerm2013; xiongAnimalModelsTraumatic2013; zarrukNeurologicalTestsFunctional2011
locomotor activity & rearing,locomotor activity & rearing; open field rearing count; locomotor-rearing assay,Behavioral,Quality of life & function,Total distance moved and number of rearing events in home‐cage or open‐field monitoring,gregoryOverviewAnimalModels2013
magnetic resonance imaging,magnetic resonance imaging (mri); MRI; magnetic resonance scan,Imaging & Morphology,,"Macro‐anatomical structure, lesion location/volume, BBB integrity, edema",emborgEvaluationAnimalModels2004
magnetic resonance spectroscopy,magnetic resonance spectroscopy (mrs); magnetic resonance spectroscopy mrs (proton magnetic resonance spectroscopy); mr spectroscopy (mrs); MRS; MR spectroscopy,Imaging & Morphology,,"Metabolite ratios (e.g. NAA/Cr, Cho/Cr) for neuronal integrity and membrane turnover; Metabolite ratios (e.g. NAA/Cr, myo-inositol peaks); N-acetyl-aspartate / creatine ratio in striatum; Neurochemical/metabolite concentrations (e.g., NAA, choline)",emborgEvaluationAnimalModels2004; waerzeggersMouseModelsNeurological2010
marble burying test,marble burying test; marble burying assay; obsessive burying behavior test,Behavioral,Repetitive/compulsive-like behavior,Number of marbles buried,acikgozOverviewCurrencyUsefulness2022
matriex multiarea two-photon imaging,matriex multiarea two-photon imaging; MatriX imaging pipeline; multiarea 2P imaging,Molecular & Cellular,,Simultaneous ΔGCaMP across multiple distant regions (up to ~12 mm²) at independently adjustable depths,markicevicEmergingImagingMethods2021a
mechanical conflict avoidance assay,mechanical conflict avoidance assay; MCA assay; mechanical conflict task,Behavioral,Pain tolerance (mechanical),Number of crossings through a nociceptive barrier,sadlerInnovationsAdvancesModelling2022
micro-endoscopic calcium imaging (e.g. ninscope),micro-endoscopic calcium imaging (e.g. ninscope),Molecular & Cellular,,ΔGCaMP fluorescence from deep or distal sites in freely moving rodents,markicevicEmergingImagingMethods2021a
microarray / proteomics,microarray / proteomics; gene expression microarray; proteomic profiling,Molecular & Cellular,,Genome- or proteome-wide expression profiles from selected regions or single cells,emborgEvaluationAnimalModels2004
micropet,micropet; microPET imaging; micropet scan,Molecular & Cellular,,"In-vivo tracer uptake mapped across the rodent brain (e.g. regional [¹⁸F]-DOPA, [¹¹C]-DTBZ, [¹¹C]-raclopride binding)",waerzeggersMouseModelsNeurological2010
mirrored chamber,mirrored chamber; mirrored box test; mirror chamber anxiety assay,Behavioral,Anxiety-like behavior,"Latency to enter mirror box, number of entries, time spent there",acikgozOverviewCurrencyUsefulness2022
modified neurological severity score,modified neurological severity score; modified neurological severity score (mnss); modified neurological severity score (mnss) (mouse); modified neurological severity score (mnss) (rat); mNSS; modified NSS,Behavioral,; Global neurological function; Global neurological impairment,"Composite 14-point score of motor (strength/movement), sensory (visual/tactile), balance and reflex tasks; Composite of motor (muscle status, abnormal movement), sensory (visual, tactile, proprioceptive), balance, and reflex tasks; Composite of motor, sensory, balance, reflex tasks plus beam-walking assessments; Composite score (0–18 rats; 0–14 mice) across motor, sensory, balance & reflex tests",goldFunctionalAssessmentLongTerm2013; xiongAnimalModelsTraumatic2013; zarrukNeurologicalTestsFunctional2011
molecular fmri,molecular fmri,Molecular & Cellular,,Neurotransmitter-sensitive CA binding (e.g. dopamine sensor) via local T₁/T₂ shifts; Neurotransmitter-specific CA binding (e.g. dopamine sensor) detected via local T₁/T₂ shifts,markicevicEmergingImagingMethods2021a
monkey apple pick-up test,monkey apple pick-up test; monkey apple retrieval test; primate apple pick-up assay,Behavioral,,Number of cubed‐apple pieces retrieved from recessed wells within a set time window,emborgEvaluationAnimalModels2004
montoya staircase test,montoya staircase test; staircase reaching test; Montoya ladder test,Behavioral,Skilled forelimb function,Number (or % of maximum) of pellets retrieved on each side,jonesOutcomeMeasuresRodent2025
morris water maze,morris water maze; morris water maze (mwm); morris water maze - learning latency; morris water maze - probe trial; morris water maze - reversal learning; morris water maze - swim speed; morris water maze - working memory; MWM; water maze navigation test,Behavioral,Cognitive flexibility; Gross motor performance; Reference (long-term) memory; Spatial learning; Spatial learning & memory; Working memory; Spatial memory; Spatial memory (reference & working); Working (short-term) memory,Acquisition: escape latency & path length to hidden platformProbe: time spent in target quadrant & number of platform crossings; Escape latency to a submerged platform and probe-trial performance; Average swim velocity during maze trials; Mean swimming speed (distance/time) during maze trials; Escape (latency) to find hidden platform over acquisition trials; Escape latency (time to find a hidden platform) over acquisition trials; Escape latency (time to find hidden platform); Escape latency to hidden platform; time in target quadrant on probe; Escape latency after relearning a relocated platform position; Escape latency to find platform after it is moved to a new quadrant; Escape latency when platform location changes trial-to-trial; Escape latency when platform location is changed daily; Time spent in the former platform quadrant (or crossings of the removed platform location); Time spent in the former platform quadrant or platform crossings without the platform,goldFunctionalAssessmentLongTerm2013; xiongAnimalModelsTraumatic2013; shepherdTranslationalAssaysAssessment2016; zarrukNeurologicalTestsFunctional2011; wahlCognitiveBehavioralEvaluation2017; websterUsingMiceModel2014
mouse/rat grimace scale,mouse/rat grimace scale; MGS; rodent grimace scale,Behavioral,Ongoing/spontaneous pain,"Composite facial action‐unit score (orbital tightening, ear position, etc.)",sadlerInnovationsAdvancesModelling2022
movement assessment panel (map) task,movement assessment panel (map) task,Behavioral,,"Time to retrieve food from a portal, detected via photodiode beam breaks",emborgEvaluationAnimalModels2004
moving-target hemifield task,moving-target hemifield task; target-hemifield tracking task; moving hemifield gaze task,Behavioral,,Number of successful reaches to a target moved between left/right hemispaces,emborgEvaluationAnimalModels2004
multispot multiphoton imaging,multispot multiphoton imaging; multispot 2P imaging; multi-spot multiphoton microscopy,Molecular & Cellular,,Parallel ΔGCaMP scans at multiple points/planes to boost volumetric throughput,markicevicEmergingImagingMethods2021a
mustard oil test,mustard oil test; mustard oil-induced nociception; allyl isothiocyanate pain test,Behavioral,Chemical/inflammatory pain,Duration or frequency of paw licking/shaking after mustard oil application,gregoryOverviewAnimalModels2013
narrow beam/walking test,narrow beam/walking test; narrow beam test; narrow-beam walking assay,Behavioral,Balance & fine coordination,Ability to traverse beams of decreasing diameter; number of slips or falls,jonesOutcomeMeasuresRodent2025
nest building,nest building; nest construction test; nesting behavior assay,Behavioral,Ongoing/spontaneous pain,Quality or completeness score of a nest constructed,sadlerInnovationsAdvancesModelling2022
neuroinfo,neuroinfo; NeuroInfo platform; neuroinformatics mapping,Imaging & Morphology,,Atlas-based registration and anatomical annotation of whole-brain microscopy data,markicevicEmergingImagingMethods2021a
neurological severity score,neurological scoring; neurological severity score (nss); NSS; neurological deficit score,Behavioral,Global neurological impairment; Motor impairment,"Clinical score of paralysis progression (tail → hindlimbs → forelimbs); Composite score of exit-circle time, righting reflex, seeking behavior, hemiplegia/paresis (higher = worse); Exit from 50 cm circle; righting reflex; seeking behavior; hemiplegia/hemiparesis assessments",burrowsAnimalModelsMultiple2019; goldFunctionalAssessmentLongTerm2013; xiongAnimalModelsTraumatic2013
novel object recognition test,novel object recognition; novel object recognition (nor); novel object recognition test (nort); NOR test; novel object memory assay,Behavioral,Recognition memory,Discrimination index (time novel vs. familiar object); Recognition index = time exploring novel vs. familiar object; Time exploring novel vs. familiar object; “Recognition index” = time exploring novel vs. familiar object; Time spent exploring the novel versus familiar object,burrowsAnimalModelsMultiple2019; goldFunctionalAssessmentLongTerm2013; shepherdTranslationalAssaysAssessment2016; wahlCognitiveBehavioralEvaluation2017; websterUsingMiceModel2014
novel place recognition,novel place recognition; place recognition test; novel spatial recognition assay,Behavioral,Spatial novelty memory,Time exploring object placed in a new location,goldFunctionalAssessmentLongTerm2013
novelty-suppressed feeding test,novelty-suppressed feeding test; NSF test; novelty-induced suppression of feeding,Behavioral,Anxiety-like behavior,"Latency to approach and bite food in a novel, lit arena; Latency to approach and eat food in a novel arena",acikgozOverviewCurrencyUsefulness2022; gencturkRodentTestsDepression2024
open field test,open field locomotion; open field test; open-field; open-field activity; open-field test; open arena locomotion; open field assay,Behavioral,; Anxiety-like behavior; Locomotor activity; Locomotor activity & Anxiety-like behavior; General locomotor activity; Locomotion/exploration; Locomotor activity & exploratory behavior,"% Time spent in periphery (thigmotaxis) vs. center; Locomotion (distance, rearing, grooming), thigmotaxis (periphery vs. center time); Number of square‐crossings (locomotor activity), latency to first move, rearing and grooming counts; Photobeam‐derived horizontal & vertical counts, distance traveled; (optionally) force-plate–measured stereotypies/tremor; Total distance moved and average speed in an open arena; Total distance traveled, average speed, time in center, number of rearings; Total distance traveled, time in center vs periphery, rearing counts; Total distance, quadrant entries, rearing counts",acikgozOverviewCurrencyUsefulness2022; gencturkRodentTestsDepression2024; zarrukNeurologicalTestsFunctional2011; burrowsAnimalModelsMultiple2019; xiongAnimalModelsTraumatic2013; goldFunctionalAssessmentLongTerm2013; jonesOutcomeMeasuresRodent2025; meredithBehavioralModelsParkinsons2006
openbrainmap,openbrainmap; OpenBrainMap pipeline; open brain mapping platform,Imaging & Morphology,,Interactive web-based visualization and sharing of whole-brain cell-mapping data,markicevicEmergingImagingMethods2021a
operant facial thermal assay,operant facial thermal assay; facial operant thermal test; operant heat pain assay,Behavioral,Pain tolerance (heat),Number of contacts or avoidance responses to thermal probe on face,sadlerInnovationsAdvancesModelling2022
operant plantar thermal assay,operant plantar thermal assay; plantar operant thermal test; operant paw-heat assay,Behavioral,Pain tolerance (heat),Number of licks or lever presses to avoid thermal challenge,sadlerInnovationsAdvancesModelling2022
orofacial operant pain task,orofacial operant pain task; orofacial pain operant task; facial operant pain assay,Behavioral,Avoidance of evoked stimuli,Reduction in time of face–thermode contact and compensatory licking for a liquid reward,gregoryOverviewAnimalModels2013
orthostatic hypotension test,orthostatic hypotension test; orthostatic challenge test; tilt-table hypotension assay,Physiological & Metabolic,,Change in blood pressure and heart rate upon postural shift,emborgEvaluationAnimalModels2004
paired-associate learning (pal),paired-associate learning (pal),Behavioral,Associative memory,% correct touches of images at their associated screen locations,shepherdTranslationalAssaysAssessment2016
partition test,partition test; barrier partition assay; social partitioning test,Behavioral,Social behavior,Number of approaches to partition; total time near partition; average time per approach,acikgozOverviewCurrencyUsefulness2022
passive avoidance test,passive avoidance; passive avoidance test; passive avoidance assay; inhibitory avoidance test,Behavioral,Associative (reference) memory; Associative avoidance memory; Associative memory; Learning & memory (avoidance memory),Latency to enter a previously punished (dark) chamber; Latency to enter dark chamber after foot shock; Latency to enter previously punished chamber; Retention latency: time to step through into dark chamber (with 300 s cutoff),goldFunctionalAssessmentLongTerm2013; shepherdTranslationalAssaysAssessment2016; websterUsingMiceModel2014; zarrukNeurologicalTestsFunctional2011
pasta reaching test,pasta reaching test; pasta handling test; pasta consumption reaching assay,Behavioral,Skilled forelimb function,Number of pasta pieces obtained and reach-movement patterns,jonesOutcomeMeasuresRodent2025
paw guarding (weight-bearing),paw guarding (weight-bearing); weight-bearing paw guard; paw-guarding nociception test,Behavioral,Ongoing/spontaneous pain,"Asymmetry in hind-paw weight distribution during walking (e.g., CatWalk)",gregoryOverviewAnimalModels2013
perfusion mri (cbf-weighted),perfusion mri (cbf-weighted fmri); perfusion mri (cbf-weighted),Physiological & Metabolic,,ΔCBF via contrast-agent–induced phase/relaxation changes; ΔCerebral blood flow via CA-induced phase/relaxation changes,markicevicEmergingImagingMethods2021a
perfusion mri (cbv-weighted),perfusion mri (cbv-weighted fmri); perfusion mri (cbv-weighted),Physiological & Metabolic,,ΔCBV via contrast-agent-induced T₁/T₂/T₂* changes (gadolinium chelates or iron oxide nanoparticles); ΔCerebral blood volume via CA-induced T₁/T₂/T₂* changes (gadolinium or iron-oxide particles),markicevicEmergingImagingMethods2021a
personal activity monitor (pam),personal activity monitor (pam),Behavioral,,Accelerometer “activity counts” and circadian activity patterns from a jacket‐mounted sensor,emborgEvaluationAnimalModels2004
pet [¹⁵o]h₂o perfusion,pet [¹⁵o]h₂o perfusion; PET [¹⁵O]H₂O perfusion; [¹⁵O]H₂O PET; H₂[¹⁵O] PET perfusion; water-¹⁵O PET; oxygen-15 water PET perfusion; [¹⁵O]water PET blood flow imaging; 15O-water PET; H₂O-¹⁵O imaging,Physiological & Metabolic,,Regional cerebral blood flow,waerzeggersMouseModelsNeurological2010
pet [¹⁸f]-dopa,pet [¹⁸f]-dopa; PET [¹⁸F]-DOPA; [¹⁸F]DOPA PET; fluorodopa PET; F-DOPA PET; [¹⁸F]-fluorodopa PET; 6-[¹⁸F]FDOPA PET; DOPA PET; [¹⁸F]DOPA imaging; fluorodopa imaging,Molecular & Cellular,,Presynaptic aromatic-amino-acid-decarboxylase activity and vesicular storage,waerzeggersMouseModelsNeurological2010
pet [¹⁸f]-fdg metabolic imaging,pet [¹⁸f]-fdg metabolic imaging; PET [¹⁸F]-FDG metabolic imaging; [¹⁸F]FDG PET; FDG-PET metabolic imaging; fluorodeoxyglucose PET; [¹⁸F]fluorodeoxyglucose PET; FDG metabolic imaging; [¹⁸F]FDG imaging; glucose-metabolism PET,Physiological & Metabolic,,Regional cerebral glucose uptake/metabolism,waerzeggersMouseModelsNeurological2010
"pet dat imaging([¹²³i]fp-cit, [¹¹c]mp)","pet dat imaging([¹²³i]fp-cit, [¹¹c]mp); PET DAT imaging ([¹²³I]FP-CIT, [¹¹C]MP); DAT PET imaging; dopamine transporter imaging; [¹²³I]FP-CIT SPECT; [¹¹C]MP PET; DAT SPECT; presynaptic dopamine transporter PET; DAT imaging",Molecular & Cellular,,Dopamine‐transporter binding density,waerzeggersMouseModelsNeurological2010
"pet d₂ receptor imaging([¹¹c]-raclopride, [¹²³i]-ibzm, [¹⁸f]-spiperone)","pet d₂ receptor imaging([¹¹c]-raclopride, [¹²³i]-ibzm, [¹⁸f]-spiperone); PET D₂ receptor imaging; D₂ receptor PET; dopaminergic D₂ PET; [¹¹C]raclopride PET; [¹²³I]IBZM SPECT; [¹⁸F]spiperone PET; D₂ receptor occupancy PET; dopamine D₂ PET; D₂ imaging",Molecular & Cellular,,Post-synaptic D₂‐receptor availability,waerzeggersMouseModelsNeurological2010
pet microglial activation([¹¹c]-pk11195),pet microglial activation([¹¹c]-pk11195); PET microglial activation; [¹¹C]PK11195 PET; TSPO PET; neuroinflammation PET; microglia PET imaging; translocator protein PET; inflammatory marker PET; neuroinflammation imaging,Molecular & Cellular,,TSPO binding as a marker of microglial activation,waerzeggersMouseModelsNeurological2010
"pet of reporter enzymes (e.g., hsv1-tk)","pet of reporter enzymes (e.g., hsv1-tk); PET reporter gene imaging; PET reporter enzyme imaging; HSV1-TK PET; thymidine kinase PET; reporter enzyme PET; genetic reporter PET; viral reporter imaging; reporter-gene PET",Molecular & Cellular,,Transgene‐driven tracer phosphorylation or retention (tumor cell localization),waerzeggersMouseModelsNeurological2010
pet vmat2 imaging([¹¹c]-dtbz),pet vmat2 imaging([¹¹c]-dtbz); PET VMAT2 imaging; VMAT2 PET; [¹¹C]DTBZ PET; dihydrotetrabenazine PET; [¹¹C]dihydrotetrabenazine PET; vesicular monoamine transporter PET; DTBZ PET imaging; vesicular transporter imaging,Molecular & Cellular,,Vesicular monoamine‐transporter 2 binding density,waerzeggersMouseModelsNeurological2010
pharmacological mri (phmri)<br/>(amphetamine/apomorphine challenge),pharmacological mri (phmri)<br/>(amphetamine/apomorphine challenge),Physiological & Metabolic,,Drug-induced changes in BOLD/perfusion following DA agonist administration,waerzeggersMouseModelsNeurological2010
photoacoustic microscopy (pam),photoacoustic microscopy (pam),Physiological & Metabolic,,"Point‐by‐point photoacoustic signals of oxy-/deoxy-hemoglobin dynamics (and, with exogenous probes, calcium or voltage)",markicevicEmergingImagingMethods2021a
photoacoustic tomography (pat),photoacoustic tomography (pat),Physiological & Metabolic,,"Volumetric photoacoustic wave recordings to quantify deep-tissue hemoglobin oxygenation, blood volume, and functional activations",markicevicEmergingImagingMethods2021a
place escape avoidance paradigm (peap),place escape avoidance paradigm (peap),Behavioral,Avoidance of evoked stimuli,Shift in chamber preference when painful paw is stimulated vs nonpainful paw,gregoryOverviewAnimalModels2013
plantar stepping test,plantar stepping test; stepping reflex test; paw‐placement stepping assay,Behavioral,Gross motor impairment,Presence/quality of hindlimb plantar stepping,jonesOutcomeMeasuresRodent2025
pole test,pole test; vertical pole test; pole‐climb assay,Behavioral,Motor coordination,Latency to turn and descend a vertical pole; Time to turn (°180) and time to descend a rough vertical pole,meredithBehavioralModelsParkinsons2006; zarrukNeurologicalTestsFunctional2011
posture analysis,posture analysis; postural assessment; stance analysis,Behavioral,Behavioral monitoring and morphological analysis,"Frequency/duration of ethologically relevant postures (e.g. hunched back, stretched-attend posture)",gencturkRodentTestsDepression2024
probabilistic reversal learning test,probabilistic reversal learning test; PRL task; probabilistic perseveration assay,Behavioral,Depression‐like behavior,Errors or trials to criterion after reversal; sensitivity to feedback,gencturkRodentTestsDepression2024
probabilistic reward test,probabilistic reward test; reward probability task; probabilistic reinforcement test,Behavioral,Depression‐like behavior,Signal-detection response bias toward the more frequently rewarded stimulus,gencturkRodentTestsDepression2024
protective behaviors,protective behaviors; defense behavior assay; protective response assessment,Behavioral,Ongoing/spontaneous pain,"Frequency/duration of guarding, favoring or altered gait",sadlerInnovationsAdvancesModelling2022
radial arm maze,radial arm maze; radial arm maze (ram); radial-arm maze; RAM; spatial working memory maze,Behavioral,Spatial memory (reference & working); Spatial working/reference memory; Working memory,Errors (re‐entries into visited arms) and baited‐arm retrieval rate; Number of errors (re‐entries) in an n‐arm maze; Number of re-entries into previously visited (baited) arms indicating working memory errors,goldFunctionalAssessmentLongTerm2013; shepherdTranslationalAssaysAssessment2016; websterUsingMiceModel2014
radial arm water maze,radial arm water maze (rawm); radial-arm water maze (rawm); RAWM; spatial water maze,Behavioral,Spatial & working memory; Spatial memory (reference & working),Errors (re-entries into non-baited arms) and/or escape latency; Escape latency & arm‐entry errors,wahlCognitiveBehavioralEvaluation2017; websterUsingMiceModel2014
randall-selitto test,randall-selitto test,Behavioral,Deep-tissue mechanical hypersensitivity; Deep‐tissue mechanical sensitivity,Paw-withdrawal threshold to increasing deep-tissue pressure; Paw‐withdrawal threshold to increasing deep‐tissue pressure,gregoryOverviewAnimalModels2013; sadlerInnovationsAdvancesModelling2022
reaction/movement-time assay,reaction/movement-time assay; RMT assay; reaction versus movement time test,Behavioral,,Latency (reaction time) to a cue and the subsequent movement time to displace a manipulandum,emborgEvaluationAnimalModels2004
resting-state fmri,resting-state fmri; resting-state fmri (bold),Imaging & Morphology,,Functional connectivity and activation patterns in motor/cognitive circuits; Low-frequency (<0.1 Hz) correlations in spontaneous BOLD fluctuations → functional connectivity networks,markicevicEmergingImagingMethods2021a; waerzeggersMouseModelsNeurological2010
reversal learning,reversal learning; reversal task; set‐shift reversal test,Behavioral,Cognitive flexibility & working memory,Trials-to-criterion & errors after contingency reversal,websterUsingMiceModel2014
reversal water maze,reversal water maze; reversal MWM; water maze reversal learning,Behavioral,Behvaioural flexibility,,shepherdTranslationalAssaysAssessment2016
reward-seeking operant responding,reward-seeking operant responding; operant reward task; reward‐driven lever‐pressing task,Behavioral,Ongoing/spontaneous pain,Lever presses or nose‐pokes for reward,sadlerInnovationsAdvancesModelling2022
rotarod test,rotarod; rotarod test; rotarod assay; rod rotation endurance test,Behavioral,Motor coordination & balance; Motor coordination & endurance; Motor coordination; Motor coordination & endurance,Latency to fall (or passive rotations) on accelerating or constant‐speed rod; Latency to fall from an accelerating or constant-speed rotating rod; Time on a rotating rod before fall or two passive rotations; Latency to fall from accelerating rotating rod; Latency to fall or rotate once on accelerating/constant-speed rod; Time (sec) the animal stays on an accelerating rotating rod,burrowsAnimalModelsMultiple2019; goldFunctionalAssessmentLongTerm2013; meredithBehavioralModelsParkinsons2006; jonesOutcomeMeasuresRodent2025; xiongAnimalModelsTraumatic2013; zarrukNeurologicalTestsFunctional2011
rotarod-stepping analysis,rotarod-stepping analysis; rotarod gait analysis; stepping pattern analysis,Behavioral,,Frame‐by‐frame count/rating of forelimb stepping errors during low‐speed rotarod trials,emborgEvaluationAnimalModels2004
rotating pole,rotating pole; pole rotation test; rotating‐beam assay,Behavioral,Motor coordination,"Score (0–6) based on ability to traverse rotating pole, foot slips, falls",goldFunctionalAssessmentLongTerm2013
scape microscopy,scape microscopy; SCAPE imaging; swept confocally-aligned planar excitation microscopy,Molecular & Cellular,,Volumetric ΔGCaMP imaging (>20 volumes/s) in intact samples via a swept light-sheet in one objective,markicevicEmergingImagingMethods2021a
segmental level determination,segmental level determination; segmental spinal level determination; vertebral level mapping,Imaging & Morphology,Injury level,"Spinal cord segment injured (e.g. C5, T10)",jonesOutcomeMeasuresRodent2025
seminatural environmental set-up,seminatural environmental set-up; semi-naturalistic environment paradigm; ecologically relevant enclosure,Behavioral,Social behavior,"Locomotor activity; frequency/duration of social interactions (chasing, avoidance, nesting, mating); social hierarchy measures",acikgozOverviewCurrencyUsefulness2022
single pellet reaching task,single pellet reaching; single pellet reaching task; single-pellet retrieval task; skilled reaching task,Behavioral,; Skilled forelimb function (dexterity),Success rate (% pellets retrieved) and/or component scores of reach-grasp-retrieve; Success/failure rate (and component kinematics) of retrieving a food pellet through a slot,jonesOutcomeMeasuresRodent2025; xiongAnimalModelsTraumatic2013
skilled forelimb pellet-retrieval task,skilled forelimb pellet-retrieval task; skilled pellet retrieval assay; forelimb skilled reaching test,Behavioral,,Number of pellets successfully retrieved (and number dropped) from raised steps over a fixed interval,emborgEvaluationAnimalModels2004
sleep-pattern monitoring,sleep-pattern monitoring; sleep-wake monitoring; EEG sleep scoring,Physiological & Metabolic,,"Total sleep time, sleep bouts, and wake-activity cycles via telemetry or actigraphy",emborgEvaluationAnimalModels2004
slow optical scattering imaging,slow optical scattering imaging; slow optical scattering tomography; optical scattering imaging,Physiological & Metabolic,,Seconds-scale changes in light transmission/scattering due to activity-driven cell (glial) swelling,markicevicEmergingImagingMethods2021a
social approach  tests,social approach  tests,Behavioral,Social behavior,– T-maze variant: time sniffing at male vs. female mesh doors– Arena variant: time interacting with unfamiliar animal vs. empty cage; time in social vs. non-social zones,acikgozOverviewCurrencyUsefulness2022
social approach-avoidance test,social approach-avoidance test; social preference-avoidance assay; approach-avoidance social test,Behavioral,Anxiety-like behavior,Time spent in large (social) compartment vs. small chamber,gencturkRodentTestsDepression2024
social avoidance tests,social avoidance tests; social avoidance assay; social withdrawal test,Behavioral,,– T-maze variant: time sniffing at male vs. female mesh doors– Arena variant: time interacting with unfamiliar animal vs. empty cage; time in social vs. non-social zones,acikgozOverviewCurrencyUsefulness2022
social interaction test,social interaction test; direct social interaction test; dyadic social interaction assay,Behavioral,Anxiety-like behavior; Social behavior,"Duration and frequency of chasing, sniffing (interfacial & anogenital), and active avoidance; Total time engaged in direct social interaction (open arena)",acikgozOverviewCurrencyUsefulness2022; gencturkRodentTestsDepression2024
social odor discrimination,social odor discrimination; social scent discrimination; olfactory social discrimination test,Behavioral,Sociability,Increase in frequency of visits to novel social odor; Increase in time spent sniffing novel social odor,harrisonUnifiedBehavioralScoring2020
social propinquity,social propinquity; social proximity test; social approach distance assay,Behavioral,Sociability,Duration of double occupancy; Latency to first share; Time vacant,harrisonUnifiedBehavioralScoring2020
spontaneous blink rate,spontaneous blink rate; SPBR; spontaneous blink frequency measurement,Behavioral,,Number of spontaneous eye blinks per minute,emborgEvaluationAnimalModels2004
staircase test,staircase test; staircase test (monkey “hill”/“valley”); Montoya staircase test; staircase reaching test,Behavioral,; Fine motor coordination & neglect,Number (or percentage) of pellets retrieved on each side; Number of pellets retrieved and eaten from descending side-staircases; Number of pellets retrieved from each step of the staircase apparatus within a fixed period,emborgEvaluationAnimalModels2004; xiongAnimalModelsTraumatic2013; zarrukNeurologicalTestsFunctional2011
stereological neuron counts (optical disector),stereological neuron counts (optical disector); optical disector stereology; unbiased stereological neuron counting,Imaging & Morphology,,Total surviving TH-positive neurons in SNpc,emborgEvaluationAnimalModels2004
strain-gauge forceps,strain-gauge forceps; forceps strain gauge assay; strain-gauge pinch test,Behavioral,Deep‐tissue mechanical sensitivity,Force threshold for limb withdrawal over muscle,sadlerInnovationsAdvancesModelling2022
striatal fiber optical density,striatal fiber optical density; striatal fiber density imaging; fiber-optic density measurement,Imaging & Morphology,,Quantitative measure of terminal integrity via TH-fiber staining,emborgEvaluationAnimalModels2004
structural mri,structural mri,Imaging & Morphology,,Gray-matter volume/atrophy (voxel-based morphometry),waerzeggersMouseModelsNeurological2010
sucrose preference test,sucrose preference test; SPT; sweet preference assay,Behavioral,Anhedonia; Depression‐like behavior,% of total fluid consumed as sucrose solution; Percentage of total fluid consumed as sucrose solution,acikgozOverviewCurrencyUsefulness2022; gencturkRodentTestsDepression2024
swim test,swim test; forced swim test; Porsolt swim test,Behavioral,,Latency to swim vs. float and qualitative limb‐use during 30-min forced swim,meredithBehavioralModelsParkinsons2006
t-maze,t-maze; t-maze/y-maze alternation; T-maze arm choice; T-maze spontaneous alternation,Behavioral,Working memory,% spontaneous alternation (choice of the previously unentered arm); % spontaneous alternation between arms,shepherdTranslationalAssaysAssessment2016; websterUsingMiceModel2014
t1-weighted mri,t1-weighted mri,Imaging & Morphology,,Tissue relaxation differences for anatomical detail and gross lesion/edema detection,waerzeggersMouseModelsNeurological2010
t2-weighted mri,t2-weighted mri; t2/t2-weighted mri*,Imaging & Morphology,,Fluid‐sensitive contrast for oedema and tumor/invasion mapping; Hypointense foci corresponding to iron-rich Aβ deposits,waerzeggersMouseModelsNeurological2010
tail flick test,tail flick test; tail-flick assay; tail withdrawal test,Behavioral,Heat hypersensitivity,Latency to remove tail from a heat stimulus,gregoryOverviewAnimalModels2013
tail suspension test,tail suspension test; TST; tail-suspension assay,Behavioral,Depression-like behavior; Depression‐like behavior,Duration of immobility when suspended by tail; Total duration of immobility over the 6 min suspension; Total immobility time over 6 min,acikgozOverviewCurrencyUsefulness2022; gencturkRodentTestsDepression2024; goldFunctionalAssessmentLongTerm2013
targeted contrast mri,targeted contrast mri,Imaging & Morphology,,Retention of Aβ-binding Gd- or USPIO-labelled probes,waerzeggersMouseModelsNeurological2010
task-based fmri,task-based fmri,Imaging & Morphology,,Evoked BOLD response amplitude/latency to controlled sensory or motor stimuli,markicevicEmergingImagingMethods2021a
telemetry-based monitoring,telemetry-based monitoring; telemetry monitoring; wireless telemetry recording,Physiological & Metabolic,,"Implanted‐transmitter measures: spontaneous activity, core temperature, respiratory rate, BP",emborgEvaluationAnimalModels2004
th/dat/aadc/vmat2 immunohistochemistry,th/dat/aadc/vmat2 immunohistochemistry,Imaging & Morphology,,Density of dopaminergic terminals and cell bodies (optical density; fiber staining),emborgEvaluationAnimalModels2004
thermal escape test,thermal escape test; hot-plate escape assay; thermal nociceptive escape test,Behavioral,Avoidance of evoked stimuli,Latency to withdraw or place preference in one of two chambers with different floor temperatures,gregoryOverviewAnimalModels2013
three-chamber social approach test,three-chamber social approach test; three-chambered social approach test; 3-chamber test; three-chambered sociability assay,Behavioral,Anxiety-like behavior; Social behavior,Time in social vs. empty chamber; Time spent in social vs. non-social chamber (sociability); time with novel vs. familiar conspecific (social novelty preference),acikgozOverviewCurrencyUsefulness2022; gencturkRodentTestsDepression2024
touchscreen intra-/extra-dimensional (ied) set-shifting,touchscreen intra-/extra-dimensional (ied) set-shifting,Behavioral,Executive function,Trials (or errors) to criterion on intra‐ and extra‐dimensional shifts of the rewarded stimulus dimension,shepherdTranslationalAssaysAssessment2016
touchscreen reversal learning (intra-dimensional shift),touchscreen reversal learning (intra-dimensional shift); touchscreen reversal task; intra-dimensional reversal learning,Behavioral,Executive function,Trials (or errors) to criterion after reward contingencies are switched between two visual stimuli,shepherdTranslationalAssaysAssessment2016
touchscreen-based tasks,touchscreen-based tasks; touchscreen operant tasks; touchscreen cognitive testing,Behavioral,Working memory / Executive,"% correct responses, reaction times across trials",wahlCognitiveBehavioralEvaluation2017
transection extent,transection extent; spinal cord transection extent; lesion length assessment,Imaging & Morphology,Injury severity,Anatomical completeness of the lesion (partial vs. full),jonesOutcomeMeasuresRodent2025
treadmill stepping,treadmill stepping; treadmill gait test; treadmill locomotion assay,Behavioral,Locomotor pattern generation,"Number of hindlimb steps, stance/swing durations under forced belt-driven speed",jonesOutcomeMeasuresRodent2025
trial-unique delayed non-matching-to-location (tunl),trial-unique delayed non-matching-to-location (tunl),Behavioral,Working memory,% correct choices of the novel location after a programmable delay; accuracy as a function of spatial separation,shepherdTranslationalAssaysAssessment2016
two-photon fluorescence imaging,two-photon fluorescence imaging; 2P fluorescence microscopy; two-photon microscopy,Molecular & Cellular,,"ΔGCaMP fluorescence at depths up to ~1 mm, single-spine to population signals (FOV up to 5 mm radius)",markicevicEmergingImagingMethods2021a
ultrafast fmri (sms-epi),ultrafast fmri (sms-epi),Imaging & Morphology,,"Accelerated BOLD time-series (multislice GRE-EPI, TR↓ ~¼)",markicevicEmergingImagingMethods2021a
ultrasonic vocalization analysis,ultrasonic vocalization analysis; USV analysis; ultrasonic vocalization recording,Behavioral,Behavioral monitoring and morphological analysis,"Number, duration, and frequency band (≈50 kHz appetitive vs. ≈22 kHz aversive) of USV calls",gencturkRodentTestsDepression2024
video-digitization activity monitoring,video-digitization activity monitoring; video tracking activity monitoring; digital video behavior analysis,Behavioral,,Total distance or movement counts from automated tracking of home‐cage or open‐field behavior,emborgEvaluationAnimalModels2004
vocalization assays,vocalization assays; vocalization recording; vocalization behavior assay,Behavioral,Ongoing/spontaneous pain,Number/duration of audible or ultrasonic calls,sadlerInnovationsAdvancesModelling2022
vogel conflict test,vogel conflict test,Behavioral,Anxiety-like (conflict) behavior; Anxiety-like behavior,Number of punished drinking responses (licks paired with shock); Number of punished drinking responses under shock contingency,acikgozOverviewCurrencyUsefulness2022; gencturkRodentTestsDepression2024
voltage fluorescence imaging,voltage fluorescence imaging; voltage-sensitive dye imaging; VSD imaging,Molecular & Cellular,,ΔMembrane potential (Δfluorescence) via organic or genetically-encoded voltage sensors,markicevicEmergingImagingMethods2021a
von frey filament test,von frey filament test; von frey filament test (up/down),Behavioral,Mechanical hypersensitivity,Paw-withdrawal threshold to calibrated monofilaments (up/down method); Paw‐withdrawal threshold to calibrated monofilaments,gregoryOverviewAnimalModels2013; sadlerInnovationsAdvancesModelling2022
von frey response frequency,von frey response frequency,Behavioral,Mechanical hypersensitivity,Withdrawal frequency to repeated application of a single von Frey filament,gregoryOverviewAnimalModels2013
what-where-which (wwwhich),what-where-which (wwwhich); what-where-which (wwwhich) task,Behavioral,Associative memory; Episodic-like memory,"Discrimination of object identity, location, and context (episodic-like memory); Preference ratio for correct object–place–context association",shepherdTranslationalAssaysAssessment2016; websterUsingMiceModel2014
wheel running,wheel running; wheel running activity; voluntary wheel running; wheel-running activity,Behavioral,Ongoing/spontaneous pain; Quality of life & function,Distance or duration of voluntary wheel activity; Distance or duration of voluntary wheel rotations,gregoryOverviewAnimalModels2013; sadlerInnovationsAdvancesModelling2022
whisker nuisance task,whisker nuisance task; whisker nuisance assay; whisker-evoked nociception test,Behavioral,Somatosensory responsiveness,"Scored abnormal responses (posture, grooming, evasion, whisker position) to whisker stimulation",goldFunctionalAssessmentLongTerm2013
wholebrain,wholebrain; whole-brain imaging; whole-brain clearing,Imaging & Morphology,,Automated cell-level registration and quantification of histological markers in 3D brain atlases,markicevicEmergingImagingMethods2021a
wide-field calcium imaging,wide-field calcium imaging; wide-field Ca²⁺ imaging; mesoscopic calcium imaging,Molecular & Cellular,,"ΔGCaMP fluorescence across cortex (large FOV, ~20 μm/pixel)",markicevicEmergingImagingMethods2021a
wire grip test,wire grip test; wire hang test; grip strength wire assay,Behavioral,Grip strength & neuromuscular endurance,Score (0–5) based on grasping and movement on suspended wire,goldFunctionalAssessmentLongTerm2013
wrist flexion-extension handle task,wrist flexion-extension handle task; wrist flexion-extension task; forelimb flexion-extension test,Behavioral,,Range and speed of wrist movements when operating a handle,emborgEvaluationAnimalModels2004
writhing test (acetic acid),writhing test (acetic acid); acetic acid writhing assay; abdominal constriction test,Behavioral,Visceral pain,Number of abdominal constrictions (“writhes”),gregoryOverviewAnimalModels2013; sadlerInnovationsAdvancesModelling2022
y-maze,y-maze; y-maze alternation; Y-maze; spontaneous alternation Y-maze,Behavioral,Working memory,% spontaneous alternation (entries into novel arm vs. total arm entries); % spontaneous alternation among the three arms; % spontaneous alternations and arm entry sequence,goldFunctionalAssessmentLongTerm2013; shepherdTranslationalAssaysAssessment2016; wahlCognitiveBehavioralEvaluation2017
zte-cbv fmri,zte-cbv fmri,Imaging & Morphology,,"CBV-weighted activation with zero-time-echo SE sequence + iron-oxide CA; CBV-weighted signal with zero-time-echo + iron-oxide CA (T₁ shortening, TE→0)",markicevicEmergingImagingMethods2021a
positron emission tomography,positron emission tomography; PET imaging; metabolic PET,Physiological & Metabolic,Nuclear Imaging,Standard uptake value (SUV); SUV_max; SUV_mean,custom
